{"RBF-1e-07": {"ari": [0.7314759906652513, 0.5724746227422741, 0.5068701333674237, 0.6898025804421691, 0.6853180211272238, 0.4593921609545763, 0.5336103927813992, 0.6918125016040565, 0.5443287309227884, 0.5126916666908432], "ami": [0.7174464024167231, 0.6250779780035428, 0.5668279280328372, 0.6864642166991693, 0.6848831562476392, 0.529221697501424, 0.6106113303903292, 0.6870079590003084, 0.5935274608594634, 0.5712976405477421], "nmi": [0.7188628343340469, 0.6269933508837606, 0.5690382088242858, 0.6880402512024486, 0.6864654706547624, 0.5316643110682403, 0.6126302852841908, 0.6885786414240082, 0.595582793832137, 0.5734843743178589]}}