{"linear-": {"ari": [0.5062545404726491, 0.5016034880239476, 0.5041982912604313, 0.6482032165024465, 0.5025253824985305, 0.6395236083234749, 0.5305248865329181, 0.6400466372588818, 0.6444654874324495, 0.6430866496811274], "ami": [0.5910374740956739, 0.5852856592543308, 0.5862783222060103, 0.6528738577957802, 0.584252992056681, 0.6472375891965738, 0.5773733624842861, 0.6459210746314358, 0.6510910567033199, 0.6490449676840436], "nmi": [0.5931568107718491, 0.587434061988474, 0.5884216417241244, 0.6546235161474943, 0.5864098886778156, 0.6490162144406617, 0.5795148040073915, 0.6477070666763818, 0.6528499534229825, 0.6508150805617441]}}